01-E1,ECR,01-E1 (Programming),Department rights from directory groups; admin role limited to IT and system owner. Done when: Rights matrix filed; test log per role. Ref. TOC-PLM-01. Support: IT,internal,C. Demmler,2026-11-13,On track,,46/26
01-E2,ECR,01-E2 (Programming),"Strict four-eyes on internal cost approval and sign-offs. Done when: Self-approval rejected in test. Ref. TOC-PLM-01. Support: Program Mgmt., APQP",internal,C. Demmler,2026-11-06,On track,,45/26
01-E3,ECR,01-E3 (Programming),Training gate switched on per stage. Done when: Untrained user blocked in test. Ref. TOC-PLM-01. Support: HR,internal,C. Demmler,2026-11-20,On track,,47/26
01-E4,ECR,01-E4 (Programming),"Close open flow points (cost carrier re-confirmation, impact edits after quote). Done when: Regression suite green. Ref. TOC-PLM-01. Support: Program Mgmt., APQP",internal,C. Demmler,2026-11-27,On track,,48/26
01-T1,ECR,01-T1 (Testing),"Scripted acceptance test, one script per stage, signed by each department. Done when: Signed test protocols filed. Ref. TOC-PLM-01. Support: Department heads",internal,C. Demmler,2026-11-27,On track,,48/26
01-T2,ECR,01-T2 (Testing),"Live pilot: G6X (1748) Weissenburg changes plus the next customer change. Done when: Pilot changes complete in PLM2. Ref. TOC-PLM-01. Support: Program Mgmt., APQP",internal,C. Demmler,2026-12-11,On track,,50/26
01-KP,ECR,01-KP (Finalisation),"KPIs (open, to be defined): set targets, sources and review cycle for the change process, starting with implementation on time. Done when: KPI set agreed, shown in the monthly review. Ref. TOC-PLM-01. Support: Quality, Program Mgmt.",internal,C. Demmler,2026-12-11,On track,,50/26
01-F1,ECR,01-F1 (Finalisation),Procedure 'Change management with PLM2' released. Done when: Procedure in document control. Ref. TOC-PLM-01. Support: Quality,internal,C. Demmler,2026-12-11,On track,,50/26
01-TR,ECR,01-TR (Finalisation),"Training concept (open, to be defined): which roles need which training per module (ECR, SEP, data, lessons), format, trainer, records. Done when: Concept agreed with department heads. Ref. TOC-PLM-01. Support: Program Mgmt., APQP, HR",internal,C. Demmler,2026-11-20,On track,,47/26
01-F2,ECR,01-F2 (Finalisation),"Training of all departments per training concept (01-TR). Done when: Training records in PLM2. Ref. TOC-PLM-01. Support: Program Mgmt., APQP",internal,C. Demmler,2026-12-18,On track,,51/26
01-F3,ECR,01-F3 (Finalisation),Go-live: new changes in PLM2 only; ECC list read-only. Done when: Announcement; list locked. Ref. TOC-PLM-01. Support: Plant Mgmt.,internal,C. Demmler,2026-12-21,On track,,52/26
01-F4,ECR,01-F4 (Operation),Effectiveness review after three months. Done when: Review in management review. Ref. TOC-PLM-01. Support: Quality,internal,C. Demmler,2027-03-26,On track,,12/27
02-S1,SEP,02-S1 (Programming),"Project overview page (all projects, gates, overdue, open changes and lessons). Done when: Page live, used in monthly review. Ref. TOC-PLM-02. Support: Program Mgmt., APQP",internal,C. Demmler,2026-11-20,On track,,47/26
02-S2,SEP,02-S2 (Programming),"Gate target dates linked to project timing, overdue signal. Done when: Dates set for all running projects. Ref. TOC-PLM-02. Support: Program Mgmt., APQP",internal,C. Demmler,2026-11-13,On track,,46/26
02-S3,SEP,02-S3 (Programming),Required items per gate enforced; signer role per item. Done when: Gate close blocked in test. Ref. TOC-PLM-02. Support: Quality,internal,C. Demmler,2026-12-11,On track,,50/26
02-D1,SEP,02-D1 (Documentation),"Upload SEP evidence for running projects (1864, 1994, 2141, 2277). Done when: Items done / n.a. with evidence. Ref. TOC-PLM-02. Support: Program Mgmt., APQP",internal,C. Demmler,2027-01-04,On track,,1/27
02-D2,SEP,02-D2 (Documentation),"1994: RG1 evidence complete, gate review with dual sign-off. Done when: RG1 closed in PLM2. Ref. TOC-PLM-02. Support: Quality",internal,C. Demmler,2026-12-04,On track,,49/26
02-F1,SEP,02-F1 (Finalisation),Procedure 'Project planning with the SEP matrix in PLM2' released. Done when: Procedure in document control. Ref. TOC-PLM-02. Support: Quality,internal,C. Demmler,2026-12-28,On track,,53/26
02-F2,SEP,02-F2 (Finalisation),Excel SEP matrix retired for new projects. Done when: First new project started in PLM2. Ref. TOC-PLM-02. Support: Plant Mgmt.,internal,C. Demmler,2027-01-18,On track,,3/27
02-R1,SEP,02-R1 (Operation),"1994 runs RG2 to RG7 in PLM2; gate dates from the Brose customer timing. Done when: Each gate closed with sign-off (due: to SOP, Brose customer timing). Ref. TOC-PLM-02. Support: Program Mgmt., APQP",internal,C. Demmler,,On track,,
03-M1,Data mgmt,03-M1 (Programming),"Access scope closed on all lists (SEP, lessons). Done when: Scope test per role passed. Ref. TOC-PLM-03. Support: Program Mgmt., APQP",internal,C. Demmler,2026-11-06,On track,,45/26
03-M2,Data mgmt,03-M2 (Programming),"Customer data review timer, 10 working days, overdue signal. Done when: Timer on intake list. Ref. TOC-PLM-03. Support: Development",internal,C. Demmler,2026-11-27,On track,,48/26
03-M3,Data mgmt,03-M3 (Programming),"Equipment and gauge completeness (tool link, equipment details). Done when: 0 gauges without tool. Ref. TOC-PLM-03. Support: Tooling, Quality",internal,C. Demmler,2027-01-04,On track,,1/27
03-M4,Data mgmt,03-M4 (Programming),Customer part numbers on all series parts; one mirror per part. Done when: Completeness list empty. Ref. TOC-PLM-03. Support: Development,internal,C. Demmler,2026-12-28,On track,,53/26
03-M5,Data mgmt,03-M5 (Programming),Scheduled database backup and restore test. Done when: Restore test record. Ref. TOC-PLM-03. Support: IT,internal,C. Demmler,2026-11-20,On track,,47/26
03-M6,Data mgmt,03-M6 (Programming),Transfer legacy drive data of active projects. Done when: Per-project checklist signed. Ref. TOC-PLM-03. Support: Development,internal,C. Demmler,2027-02-12,On track,,6/27
03-T1,Data mgmt,03-T1 (Testing),"Acceptance test and restore drill. Done when: Signed test protocol. Ref. TOC-PLM-03. Support: Quality, IT",internal,C. Demmler,2027-02-26,On track,,8/27
03-F1,Data mgmt,03-F1 (Finalisation),"Procedure 'Engineering data management in PLM2' released, training. Done when: Procedure; training per concept (01-TR). Ref. TOC-PLM-03. Support: Quality",internal,C. Demmler,2027-03-19,On track,,11/27
03-F2,Data mgmt,03-F2 (Finalisation),Network drives read-only for active projects. Done when: Drive rights changed. Ref. TOC-PLM-03. Support: IT,internal,C. Demmler,2027-03-22,On track,,12/27
03-F3,Data mgmt,03-F3 (Operation),Effectiveness review. Done when: Review in management review. Ref. TOC-PLM-03. Support: Quality,internal,C. Demmler,2027-04-14,On track,,15/27
04-L1,Lessons,04-L1 (Programming),"SharePoint lessons list frozen read-only; PLM2 only. Done when: List locked. Ref. TOC-PLM-04. Support: Program Mgmt., APQP",internal,C. Demmler,2026-10-30,On track,,44/26
04-L2,Lessons,04-L2 (Programming),"Lessons check as required SEP item at RG1 / RG2. Done when: Item enforced in SEP. Ref. TOC-PLM-04. Support: Program Mgmt., APQP",internal,C. Demmler,2026-11-27,On track,,48/26
04-L3,Lessons,04-L3 (Programming),"Lessons step required at every change release. Done when: Release blocked in test. Ref. TOC-PLM-04. Support: Program Mgmt., APQP",internal,C. Demmler,2026-11-27,On track,,48/26
04-L4,Lessons,04-L4 (Programming),Relevant lessons shown in project risk assessment. Done when: Risk form shows lessons. Ref. TOC-PLM-04. Support: Quality,internal,C. Demmler,2026-12-11,On track,,50/26
04-T1,Lessons,04-T1 (Testing),"Run on 1994 RG2 and the G6X changes. Done when: References recorded. Ref. TOC-PLM-04. Support: Program Mgmt., APQP",internal,C. Demmler,2026-12-18,On track,,51/26
04-KP,Lessons,04-KP (Finalisation),"KPIs (open, to be defined): set targets, sources and review cycle for lessons learned, starting with lesson actions implemented on time. Done when: KPI set agreed, shown in the monthly review. Ref. TOC-PLM-04. Support: Quality, Program Mgmt.",internal,C. Demmler,2026-12-18,On track,,51/26
04-F1,Lessons,04-F1 (Finalisation),Procedure 'Lessons learned in PLM2' released. Done when: Procedure in document control. Ref. TOC-PLM-04. Support: Quality,internal,C. Demmler,2027-01-04,On track,,1/27
04-F2,Lessons,04-F2 (Finalisation),First quarterly lessons review in management review. Done when: Minutes filed. Ref. TOC-PLM-04. Support: Plant Mgmt.,internal,C. Demmler,2027-01-29,On track,,4/27
05-I1,TISAX,05-I1 (Programming),Trusted company certificate on the PLM2 server (replaces self-signed). Done when: Browser shows trusted certificate. Ref. TOC-PLM-05. Support: IT,internal,C. Demmler,2026-11-13,On track,,46/26
05-I2,TISAX,05-I2 (Programming),Classification drives access: prototype / strictly confidential projects visible to the named project team only; downloads logged. Done when: Access test per classification. Ref. TOC-PLM-05. Support: IT,internal,C. Demmler,2026-12-11,On track,,50/26
05-I3,TISAX,05-I3 (Finalisation),"Start an asset list with IT and record PLM2 in it as the system holding customer and prototype data (basis for a future TISAX scope). Done when: Asset list entry. Ref. TOC-PLM-05. Support: IT",internal,C. Demmler,2026-10-30,On track,,44/26
05-I4,TISAX,05-I4 (Operation),Quarterly access review per department. Done when: Review record in PLM2. Ref. TOC-PLM-05. Support: Department heads,internal,C. Demmler,2027-01-29,On track,,4/27
05-I5,TISAX,05-I5 (Programming),"Stored customer files encrypted at rest (AES-256), as already done in RFQ2. Done when: Encryption test, key handling documented. Ref. TOC-PLM-05. Support: Program Mgmt., APQP",internal,C. Demmler,2027-01-04,On track,,1/27
